{"cameraMode":{"drawMode":0,"name":"Shaded","section":"Shading Mode"},"sceneLighting":false,"audioPlay":false,"sceneViewState":{"showFog":true,"showMaterialUpdate":false,"showSkybox":false,"showFlares":true,"showImageEffects":true,"showParticleSystems":true},"in2DMode":false,"pivot":{"x":13.499998092651368,"y":1.6408042907714844,"z":-4.716342449188232},"rotation":{"x":0.07565917074680329,"y":-0.35969364643096926,"z":0.029316119849681855,"w":0.9295438528060913},"size":7.746147632598877,"orthographic":false}