{"cameraMode":{"drawMode":0,"name":"Shaded","section":"Shading Mode"},"sceneLighting":false,"audioPlay":false,"sceneViewState":{"showFog":true,"showMaterialUpdate":false,"showSkybox":false,"showFlares":true,"showImageEffects":true,"showParticleSystems":true},"in2DMode":false,"pivot":{"x":-0.0000017881393432617188,"y":1.5182437896728516,"z":-0.016342639923095704},"rotation":{"x":0.7345020174980164,"y":0.016165412962436677,"z":-0.01744413562119007,"w":0.67820143699646},"size":7.720877170562744,"orthographic":false}