{"cameraMode":{"drawMode":0,"name":"Shaded","section":"Shading Mode"},"sceneLighting":false,"audioPlay":false,"sceneViewState":{"showFog":true,"showMaterialUpdate":false,"showSkybox":false,"showFlares":true,"showImageEffects":true,"showParticleSystems":true},"in2DMode":false,"pivot":{"x":4.999998092651367,"y":1.503180980682373,"z":13.483657836914063},"rotation":{"x":0.023106342181563379,"y":-0.7197409868240356,"z":0.023983221501111985,"w":0.6934435367584229},"size":7.669738292694092,"orthographic":false}