{"cameraMode":{"drawMode":0,"name":"Shaded","section":"Shading Mode"},"sceneLighting":true,"audioPlay":false,"sceneViewState":{"showFog":true,"showMaterialUpdate":false,"showSkybox":true,"showFlares":true,"showImageEffects":true,"showParticleSystems":true},"in2DMode":false,"pivot":{"x":691.806884765625,"y":612.8650512695313,"z":-2061.561767578125},"rotation":{"x":0.1095072329044342,"y":0.008736705407500267,"z":-0.0009211187716573477,"w":0.9939679503440857},"size":1.7083489894866944,"orthographic":false}