{"cameraMode":{"drawMode":0,"name":"Shaded","section":"Shading Mode"},"sceneLighting":true,"audioPlay":false,"sceneViewState":{"showFog":true,"showMaterialUpdate":false,"showSkybox":true,"showFlares":true,"showImageEffects":true,"showParticleSystems":true},"in2DMode":false,"pivot":{"x":-107.03877258300781,"y":-22.854480743408204,"z":139.8550567626953},"rotation":{"x":-0.11087168008089066,"y":0.3181498348712921,"z":-0.037499308586120608,"w":-0.9407958984375},"size":247.54278564453126,"orthographic":false}