{"cameraMode":{"drawMode":0,"name":"Shaded","section":"Shading Mode"},"sceneLighting":false,"audioPlay":false,"sceneViewState":{"showFog":true,"showMaterialUpdate":false,"showSkybox":false,"showFlares":true,"showImageEffects":true,"showParticleSystems":true},"in2DMode":false,"pivot":{"x":-5.000001907348633,"y":1.5131397247314454,"z":13.483657836914063},"rotation":{"x":0.05285194516181946,"y":0.3192807137966156,"z":-0.01783684827387333,"w":0.9460177421569824},"size":7.706731796264648,"orthographic":false}