{"cameraMode":{"drawMode":0,"name":"Shaded","section":"Shading Mode"},"sceneLighting":false,"audioPlay":false,"sceneViewState":{"showFog":true,"showMaterialUpdate":false,"showSkybox":false,"showFlares":true,"showImageEffects":true,"showParticleSystems":true},"in2DMode":false,"pivot":{"x":-10.000001907348633,"y":1.5131397247314454,"z":13.483657836914063},"rotation":{"x":0.01906304992735386,"y":-0.7156976461410523,"z":0.019550688564777375,"w":0.6978762149810791},"size":7.706731796264648,"orthographic":false}