{"cameraMode":{"drawMode":0,"name":"Shaded","section":"Shading Mode"},"sceneLighting":false,"audioPlay":false,"sceneViewState":{"showFog":true,"showMaterialUpdate":false,"showSkybox":false,"showFlares":true,"showImageEffects":true,"showParticleSystems":true},"in2DMode":false,"pivot":{"x":-5.000001907348633,"y":1.5131397247314454,"z":13.483657836914063},"rotation":{"x":0.00930942315608263,"y":0.0029954430647194387,"z":-0.000027271096769254655,"w":0.9999522566795349},"size":7.706731796264648,"orthographic":false}