{"cameraMode":{"drawMode":0,"name":"Shaded","section":"Shading Mode"},"sceneLighting":false,"audioPlay":false,"sceneViewState":{"showFog":true,"showMaterialUpdate":false,"showSkybox":false,"showFlares":true,"showImageEffects":true,"showParticleSystems":true},"in2DMode":false,"pivot":{"x":-0.0000017881393432617188,"y":1.4995090961456299,"z":-0.016342580318450929},"rotation":{"x":0.7169965505599976,"y":0.015559087507426739,"z":-0.01595195010304451,"w":0.6967336535453796},"size":7.677582263946533,"orthographic":false}