{"cameraMode":{"drawMode":0,"name":"Shaded","section":"Shading Mode"},"sceneLighting":false,"audioPlay":false,"sceneViewState":{"showFog":true,"showMaterialUpdate":false,"showSkybox":false,"showFlares":true,"showImageEffects":true,"showParticleSystems":true},"in2DMode":false,"pivot":{"x":-0.0000017881393432617188,"y":1.5293488502502442,"z":-0.016342580318450929},"rotation":{"x":0.7319862246513367,"y":0.02947986125946045,"z":-0.03167639672756195,"w":0.6799572110176086},"size":7.752645969390869,"orthographic":false}