{"cameraMode":{"drawMode":0,"name":"Shaded","section":"Shading Mode"},"sceneLighting":false,"audioPlay":false,"sceneViewState":{"showFog":true,"showMaterialUpdate":false,"showSkybox":false,"showFlares":true,"showImageEffects":true,"showParticleSystems":true},"in2DMode":false,"pivot":{"x":9.999998092651368,"y":1.503180980682373,"z":13.483657836914063},"rotation":{"x":0.06455446034669876,"y":-0.3612165153026581,"z":0.025076357647776605,"w":0.9299067854881287},"size":7.669738292694092,"orthographic":false}