{"cameraMode":{"drawMode":0,"name":"Shaded","section":"Shading Mode"},"sceneLighting":false,"audioPlay":false,"sceneViewState":{"showFog":true,"showMaterialUpdate":false,"showSkybox":false,"showFlares":true,"showImageEffects":true,"showParticleSystems":true},"in2DMode":false,"pivot":{"x":-0.0000017881393432617188,"y":1.5064682960510255,"z":-0.016342580318450929},"rotation":{"x":0.7543230056762695,"y":0.021534083411097528,"z":-0.024713866412639619,"w":0.6556983590126038},"size":7.710203647613525,"orthographic":false}